{"step_loss": 10.382013320922852, "lr": 1e-05, "_timestamp": 1709693825.852722, "_runtime": 7.289805889129639, "_step": 9, "_wandb": {"runtime": 18}}