{"step_loss": 1.756096601486206, "lr": 5e-06, "_timestamp": 1709700654.854445, "_runtime": 52.69365406036377, "_step": 99, "_wandb": {"runtime": 54}}