{"step_loss": 0.0131988525390625, "lr": 2.4916255650313583e-06, "_timestamp": 1709707844.8621829, "_runtime": 2835.0938589572906, "_step": 6332, "validation": {"_type": "images/separated", "width": 512, "height": 512, "format": "png", "count": 8, "filenames": ["media/images/validation_5999_24be8b64c2a7bef471e5.png", "media/images/validation_5999_b05e3dc4214804dd5c97.png", "media/images/validation_5999_074c39c8e0417ff39e32.png", "media/images/validation_5999_e8bd57c4a06289404eeb.png", "media/images/validation_5999_ca8370467724c52c3236.png", "media/images/validation_5999_735d1fbe3178c38da1c6.png", "media/images/validation_5999_7897d1e91feb1b640195.png", "media/images/validation_5999_ddd41a0effcea59c448e.png"], "captions": ["product photo, a realistic clock on grass", "mask", "object", "result", "product photo, a tall bird standing on river", "mask", "object", "result"]}, "_wandb": {"runtime": 2834}}