{"step_loss": 0.021942138671875, "lr": 1.9992286142255457e-05, "_timestamp": 1709709212.1331062, "_runtime": 305.6846661567688, "_step": 228}