{"step_loss": 0.008883383125066757, "lr": 7.2166392041750385e-06, "_timestamp": 1709704979.523668, "_runtime": 949.1495871543884, "_step": 2119, "validation": {"_type": "images/separated", "width": 512, "height": 512, "format": "png", "count": 8, "filenames": ["media/images/validation_1999_24be8b64c2a7bef471e5.png", "media/images/validation_1999_b05e3dc4214804dd5c97.png", "media/images/validation_1999_074c39c8e0417ff39e32.png", "media/images/validation_1999_c2c40cb6d094294e619f.png", "media/images/validation_1999_ca8370467724c52c3236.png", "media/images/validation_1999_735d1fbe3178c38da1c6.png", "media/images/validation_1999_7897d1e91feb1b640195.png", "media/images/validation_1999_a7342cf3bb30568b853e.png"], "captions": ["product photo, a realistic clock on grass", "mask", "object", "result", "product photo, a tall bird standing on river", "mask", "object", "result"]}, "_wandb": {"runtime": 948}}