{"step_loss": NaN, "lr": 9.983157238897025e-06, "_timestamp": 1709699876.5594528, "_runtime": 213.04856276512146, "_step": 493, "_wandb": {"runtime": 212}}