{"step_loss": 1.2462248802185059, "lr": 4.9983402893413915e-06, "_timestamp": 1709700962.2634556, "_runtime": 128.76375365257263, "_step": 216, "validation": {"_type": "images/separated", "width": 512, "height": 512, "format": "png", "count": 8, "filenames": ["media/images/validation_199_24be8b64c2a7bef471e5.png", "media/images/validation_199_b05e3dc4214804dd5c97.png", "media/images/validation_199_074c39c8e0417ff39e32.png", "media/images/validation_199_e2219b3583f3b485e564.png", "media/images/validation_199_ca8370467724c52c3236.png", "media/images/validation_199_735d1fbe3178c38da1c6.png", "media/images/validation_199_7897d1e91feb1b640195.png", "media/images/validation_199_8b17a57c1d535f71d20e.png"], "captions": ["a watch on green grass", "mask", "object", "result", "a tall bird with a tennis racket", "mask", "object", "result"]}, "_wandb": {"runtime": 128}}