{"step_loss": 4.837934494018555, "lr": 2.9934779534051216e-06, "_timestamp": 1709700261.824926, "_runtime": 213.44024181365967, "_step": 399, "validation": {"_type": "images/separated", "width": 512, "height": 512, "format": "png", "count": 8, "filenames": ["media/images/validation_299_24be8b64c2a7bef471e5.png", "media/images/validation_299_b05e3dc4214804dd5c97.png", "media/images/validation_299_074c39c8e0417ff39e32.png", "media/images/validation_299_4e216ccb48ddd7aa6354.png", "media/images/validation_299_ca8370467724c52c3236.png", "media/images/validation_299_735d1fbe3178c38da1c6.png", "media/images/validation_299_7897d1e91feb1b640195.png", "media/images/validation_299_c76ba016eb0a48018f21.png"], "captions": ["a watch on green grass", "mask", "object", "result", "a tall bird with a tennis racket", "mask", "object", "result"]}, "_wandb": {"runtime": 213}}